Workbook

Sheet Summary
A1: KLIP Pre-Planned Shipment - Group Suggestions
A2: Source: test-klip.kpndomain.com - Unplanned contracts snapshot, generated 22 Jul 2026 (contract date range 01/01/2026 - 22/07/2026)
A3: Candidate set: contracts with no shipment yet, status Open, transport mode SEA/MIX, outstanding qty > 0, with delivery window.
A5: KEY FIGURES
A6: Contracts analysed (rows) | B6: =COUNTA('Group Suggestions'!G2:G93) -> 92
A7: Pre-Planned groups (distinct Group IDs) | B7: =SUMPRODUCT(1/COUNTIF('Group Suggestions'!A2:A93,'Group Suggestions'!A2:A93)) -> 84
A8: Contracts auto-grouped (AUTO-GROUP) | B8: =COUNTIF('Group Suggestions'!B2:B93,"AUTO-GROUP") -> 14
A9: Contracts left as single-contract groups | B9: =COUNTIF('Group Suggestions'!B2:B93,"SINGLE") -> 67
A10: Contracts excluded (Blank/Trading plant) | B10: =COUNTIF('Group Suggestions'!B2:B93,"EXCLUDED*") -> 11
A11: Total outstanding qty in scope (MT) | B11: =SUM('Group Suggestions'!S2:S93) -> 127773.71
A12: Outstanding qty auto-grouped (MT) | B12: =SUMIF('Group Suggestions'!B2:B93,"AUTO-GROUP",'Group Suggestions'!S2:S93) -> 10550
A14: GROUPING LOGIC (backtested at 85.7% pairwise precision; 86% of suggested multi-contract groups fully matched real shipments)
A15: 1. HARD KEY - contracts may share a vessel only if ALL match: Group Plant + Buyer + Incoterm + Product (100% invariants across all 187 historical shipments).
A16: 2. AUTO-GROUP - within a hard key, group contracts with the SAME SUPPLIER whose delivery windows are identical or within 3 days of each other.
A17: 3. CAPACITY - contract qty (MT) is packed into bins sized at the median historical vessel parcel for that Group Plant (Vessel Bin column). When the sum exceeds the bin, the cluster is split into multiple groups; Est. Vessels = CEILING(group qty / bin).
A18: 4. CIF stays single-contract unless rule 2 matches exactly (103 of 105 historical multi-contract shipments were FOB).
A19: 5. Tier-2 column lists other groups in the same hard key, same supplier group, window gap <= 7 days - candidates for MANUAL merge review only (~60-66% precision, do not auto-apply).
A20: Group ID format: PP-<PLANT>-<seq>. Rows with the same Group ID = one suggested vessel shipment. Green rows = auto-grouped; gray rows = excluded plants (Blank/Trading); amber/white banding separates single-contract groups.
A22: NOTES / ASSUMPTIONS
A23: Quantities converted from KG (as stored in KLIP contracts.quantity_ordered / outstanding) to MT. Grouping uses OUTSTANDING qty, since already-fulfilled volume does not need vessel space.
A24: Vessel Bin (MT) = median BL quantity of past non-cancelled shipments per Group Plant (Bontang 2,700 / Tanjung Pura 3,971 / Bulking Batam 2,998 / Karawang 1,000; fallback 3,000 where history is thin). Refresh monthly from shipment history.
A25: Backtest basis: 416 planned/completed contracts across 165 shipments on this environment, 22 Jul 2026. See docs/PRE-PLANNED-GROUPING-SPEC.md for the full spec and SQL.
A26: Contracts with very small outstanding (< ~100 MT, e.g. nearly-closed contracts) appear as singles; consider a minimum-qty filter before creating Pre-Planned shipments from them.

Sheet Group Suggestions
A1: Pre-Planned Group ID | B1: Group Type | C1: Contracts in Group | D1: Group Total Outstanding (MT) | E1: Vessel Bin (MT) | F1: Est. Vessels Needed | G1: Contract No | H1: Contract Ext No | I1: PO No | J1: Group Plant | K1: Buyer | L1: Incoterm | M1: Product | N1: Supplier | O1: Supplier Group | P1: LT / Spot | Q1: Transport Mode | R1: Contract Qty (MT) | S1: Outstanding Qty (MT) | T1: Contract Date | U1: Delivery Start | V1: Delivery End | W1: Tier-2: Review Merge With
A2: PP-BEKASI-001 | B2: SINGLE | C2: 1 | D2: 350 | E2: 3000 | F2: =MAX(1,CEILING(D2/E2,1)) -> 1 | G2: 1014002954 | H2: 1112000000992 | I2: 1011002954 | J2: Bekasi | K2: PRC PALM & LAURIC BEKASI | L2: FOB | M2: CPO | N2: BERKAT SAWIT UTAMA PT. | O2: INTERCO | P2: MB | Q2: SEA | R2: 350 | S2: 350 | T2: 46114 | U2: 46114 | V2: 46122 | W2: PP-BEKASI-002
A3: PP-BEKASI-002 | B3: SINGLE | C3: 1 | D3: 300 | E3: 3000 | F3: =MAX(1,CEILING(D3/E3,1)) -> 1 | G3: 1014002983 | H3: 1132000000540 | I3: 1011002983 | J3: Bekasi | K3: PRC PALM & LAURIC BEKASI | L3: FOB | M3: CPO | N3: SWADAYA INDOPALMA PT. | O3: INTERCO | P3: MB | Q3: SEA | R3: 300 | S3: 300 | T3: 46129 | U3: 46129 | V3: 46137 | W3: PP-BEKASI-001
A4: PP-BLANK-001 | B4: EXCLUDED (Blank/Trading plant) | C4: 1 | D4: 700 | E4: 3000 | F4: =MAX(1,CEILING(D4/E4,1)) -> 1 | G4: 9054100021 | H4: 1182000000342 | I4: 9051000021 | J4: Blank | K4: THIP TRADING PLANT 2 | L4: FOB | M4: CPO | N4: AGRIPRIMA CIPTA PERSADA PT. | O4: INTERCO | P4: MB | Q4: SEA | R4: 700 | S4: 700 | T4: 46114 | U4: 46121 | V4: 46122
A5: PP-BLANK-002 | B5: EXCLUDED (Blank/Trading plant) | C5: 1 | D5: 1500 | E5: 3000 | F5: =MAX(1,CEILING(D5/E5,1)) -> 1 | G5: 9054100019 | H5: 1182000000341 | I5: 9051000019 | J5: Blank | K5: THIP TRADING PLANT 2 | L5: FOB | M5: CPO | N5: AGRIPRIMA CIPTA PERSADA PT. | O5: INTERCO | P5: MB | Q5: SEA | R5: 1500 | S5: 1500 | T5: 46108 | U5: 46122 | V5: 46129
A6: PP-BLANK-003 | B6: EXCLUDED (Blank/Trading plant) | C6: 1 | D6: 1000 | E6: 3000 | F6: =MAX(1,CEILING(D6/E6,1)) -> 1 | G6: 9174100048 | H6: 1182000000345 | I6: 9171000048 | J6: Blank | K6: PABRIK WKSM | L6: FOB | M6: WASTE OIL (POME) | N6: AGRIPRIMA CIPTA PERSADA PT. | O6: INTERCO | P6: MB | Q6: SEA | R6: 1000 | S6: 1000 | T6: 46129 | U6: 46132 | V6: 46142
A7: PP-BLANK-004 | B7: EXCLUDED (Blank/Trading plant) | C7: 1 | D7: 1000 | E7: 3000 | F7: =MAX(1,CEILING(D7/E7,1)) -> 1 | G7: 9174100049 | H7: 1182000000347 | I7: 9171000049 | J7: Blank | K7: PABRIK WKSM | L7: FOB | M7: WASTE OIL (POME) | N7: AGRIPRIMA CIPTA PERSADA PT. | O7: INTERCO | P7: MB | Q7: SEA | R7: 1000 | S7: 1000 | T7: 46136 | U7: 46143 | V7: 46152
A8: PP-BLANK-005 | B8: EXCLUDED (Blank/Trading plant) | C8: 1 | D8: 300 | E8: 3000 | F8: =MAX(1,CEILING(D8/E8,1)) -> 1 | G8: 9234100075 | H8: 1192000000198 | I8: 9231000075 | J8: Blank | K8: PTW TRADING PLANT 2 | L8: FOB | M8: CPO | N8: AGRINUSA PERSADA MULIA PT. | O8: INTERCO | P8: MB | Q8: SEA | R8: 300 | S8: 300 | T8: 46122 | U8: 46143 | V8: 46152
A9: PP-BLANK-006 | B9: EXCLUDED (Blank/Trading plant) | C9: 1 | D9: 1800 | E9: 3000 | F9: =MAX(1,CEILING(D9/E9,1)) -> 1 | G9: 9334100045 | H9: 0529/BIN-CPO/SC-CMA/VI/26 | I9: 9330000045 | J9: Blank | K9: CMA TRADING PLANT 1 | L9: FOB | M9: CPO | N9: BUMI INDAWA NIAGA PT | O9: KORINDO | P9: FS | Q9: SEA | R9: 1800 | S9: 1800 | T9: 46190 | U9: 46218 | V9: 46221
A10: PP-BLANK-007 | B10: EXCLUDED (Blank/Trading plant) | C10: 1 | D10: 3200 | E10: 3200 | F10: =MAX(1,CEILING(D10/E10,1)) -> 1 | G10: 9194100034 | H10: 0528/BIN-CPO/SC-APM/VI/26 | I10: 9191000034 | J10: Blank | K10: APM TRADING PLANT 1 | L10: FOB | M10: CPO | N10: BUMI INDAWA NIAGA PT | O10: KORINDO | P10: FS | Q10: SEA | R10: 3200 | S10: 3200 | T10: 46190 | U10: 46218 | V10: 46221
A11: PP-BONTAN-001 | B11: SINGLE | C11: 1 | D11: 6 | E11: 3000 | F11: =MAX(1,CEILING(D11/E11,1)) -> 1 | G11: 1004028171 | H11: NJL/LCPKO/25/26/002 | I11: 1001028171 | J11: Bontang | K11: EUP EDIBLE OIL BONTANG | L11: CIF | M11: CPKO | N11: NUNUKAN JAYA LESTARI PT. | O11: ANUJALES | P11: FS | Q11: SEA | R11: 500 | S11: 5.53 | T11: 46079 | U11: 46088 | V11: 46091
A12: PP-BONTAN-002 | B12: SINGLE | C12: 1 | D12: 300 | E12: 3000 | F12: =MAX(1,CEILING(D12/E12,1)) -> 1 | G12: 1004030297 | H12: 1192000000210 | I12: 1001030297 | J12: Bontang | K12: EUP EDIBLE OIL BONTANG | L12: FOB | M12: CPO | N12: AGRINUSA PERSADA MULIA PT. | O12: INTERCO | P12: MB | Q12: SEA | R12: 300 | S12: 300 | T12: 46178 | U12: 46178 | V12: 46186 | W12: PP-BONTAN-003, PP-BONTAN-004, PP-BONTAN-005
A13: PP-BONTAN-003 | B13: SINGLE | C13: 1 | D13: 600 | E13: 3000 | F13: =MAX(1,CEILING(D13/E13,1)) -> 1 | G13: 1004030295 | H13: 1182000000356 | I13: 1001030295 | J13: Bontang | K13: EUP EDIBLE OIL BONTANG | L13: FOB | M13: CPO | N13: AGRIPRIMA CIPTA PERSADA PT. | O13: INTERCO | P13: MB | Q13: SEA | R13: 600 | S13: 600 | T13: 46178 | U13: 46178 | V13: 46186 | W13: PP-BONTAN-002, PP-BONTAN-004, PP-BONTAN-005
A14: PP-BONTAN-004 | B14: SINGLE | C14: 1 | D14: 600 | E14: 3000 | F14: =MAX(1,CEILING(D14/E14,1)) -> 1 | G14: 1004030474 | H14: 1192000000211 | I14: 1001030474 | J14: Bontang | K14: EUP EDIBLE OIL BONTANG | L14: FOB | M14: CPO | N14: AGRINUSA PERSADA MULIA PT. | O14: INTERCO | P14: MB | Q14: SEA | R14: 600 | S14: 600 | T14: 46185 | U14: 46188 | V14: 46203 | W14: PP-BONTAN-002, PP-BONTAN-003, PP-BONTAN-005, PP-BONTAN-011
A15: PP-BONTAN-005 | B15: SINGLE | C15: 1 | D15: 1500 | E15: 3000 | F15: =MAX(1,CEILING(D15/E15,1)) -> 1 | G15: 1004030473 | H15: 1182000000357 | I15: 1001030473 | J15: Bontang | K15: EUP EDIBLE OIL BONTANG | L15: FOB | M15: CPO | N15: AGRIPRIMA CIPTA PERSADA PT. | O15: INTERCO | P15: MB | Q15: SEA | R15: 1500 | S15: 1500 | T15: 46185 | U15: 46188 | V15: 46203 | W15: PP-BONTAN-002, PP-BONTAN-003, PP-BONTAN-004, PP-BONTAN-011
A16: PP-BONTAN-006 | B16: SINGLE | C16: 1 | D16: 700 | E16: 3000 | F16: =MAX(1,CEILING(D16/E16,1)) -> 1 | G16: 1004030265 | H16: 004/SIL-PK/PJB-EUP/VI/26 | I16: 1001030265 | J16: Bontang | K16: EUP EDIBLE OIL BONTANG | L16: FOB | M16: PK | N16: SEBAKIS INTI LESTARI PT. | O16: HARDAYA | P16: TD | Q16: SEA | R16: 700 | S16: 700 | T16: 46177 | U16: 46188 | V16: 46193
A17: PP-BONTAN-007 | B17: SINGLE | C17: 1 | D17: 700 | E17: 3000 | F17: =MAX(1,CEILING(D17/E17,1)) -> 1 | G17: 1004030360 | H17: TBA | I17: 1001030360 | J17: Bontang | K17: EUP EDIBLE OIL BONTANG | L17: CIF | M17: CPO | N17: HENRISON INTI PERSADA PT. | O17: CAPITOL | P17: FS | Q17: SEA | R17: 700 | S17: 700 | T17: 46178 | U17: 46193 | V17: 46207
A18: PP-BONTAN-008 | B18: SINGLE | C18: 1 | D18: 93 | E18: 3000 | F18: =MAX(1,CEILING(D18/E18,1)) -> 1 | G18: 1004030427 | H18: 056/MJR-PJB/CPO/06-2026 | I18: 1001030427 | J18: Bontang | K18: EUP EDIBLE OIL BONTANG | L18: CIF | M18: CPO | N18: MERBAUJAYA INDAHRAYA PT. | O18: AMERBAU | P18: FS | Q18: SEA | R18: 2300 | S18: 93.47 | T18: 46178 | U18: 46193 | V18: 46198
A19: PP-BONTAN-009 | B19: SINGLE | C19: 1 | D19: 3000 | E19: 3000 | F19: =MAX(1,CEILING(D19/E19,1)) -> 1 | G19: 1004030944 | H19: 020/TBP-EUP/CIF-CPO/07/26 | I19: 1001030944 | J19: Bontang | K19: EUP EDIBLE OIL BONTANG | L19: CIF | M19: CPO | N19: TANJUNG BUYU PERKASA PLANTATION PT. | O19: TELADAN_P | P19: FS | Q19: SEA | R19: 3000 | S19: 3000 | T19: 46205 | U19: 46208 | V19: 46213
A20: PP-BONTAN-010 | B20: SINGLE | C20: 1 | D20: 2000 | E20: 3000 | F20: =MAX(1,CEILING(D20/E20,1)) -> 1 | G20: 1004030361 | H20: 003/CPO/THL-JKT/KP/VI/2026 | I20: 1001030361 | J20: Bontang | K20: EUP EDIBLE OIL BONTANG | L20: CIF | M20: CPO | N20: TRIDAYA HUTAN LESTARI PT. | O20: ATRIHULES | P20: FS | Q20: SEA | R20: 2000 | S20: 2000 | T20: 46178 | U20: 46208 | V20: 46211 | W20: PP-BONTAN-014
A21: PP-BONTAN-011 | B21: SINGLE | C21: 1 | D21: 300 | E21: 3000 | F21: =MAX(1,CEILING(D21/E21,1)) -> 1 | G21: 1004030968 | H21: 1172000000542 | I21: 1001030968 | J21: Bontang | K21: EUP EDIBLE OIL BONTANG | L21: FOB | M21: CPO | N21: WAHANA KARYA SEJAHTERA MANDIRI PT. | O21: INTERCO | P21: MB | Q21: SEA | R21: 300 | S21: 300 | T21: 46206 | U21: 46208 | V21: 46218 | W21: PP-BONTAN-004, PP-BONTAN-005
A22: PP-BONTAN-012 | B22: SINGLE | C22: 1 | D22: 1300 | E22: 3000 | F22: =MAX(1,CEILING(D22/E22,1)) -> 1 | G22: 1004030926 | H22: 010/TBP-EUP/CIF-PK/07/26 | I22: 1001030926 | J22: Bontang | K22: EUP EDIBLE OIL BONTANG | L22: CIF | M22: PK | N22: TANJUNG BUYU PERKASA PLANTATION PT. | O22: TELADAN_P | P22: FS | Q22: SEA | R22: 1300 | S22: 1300 | T22: 46204 | U22: 46208 | V22: 46213
A23: PP-BONTAN-013 | B23: SINGLE | C23: 1 | D23: 2000 | E23: 3000 | F23: =MAX(1,CEILING(D23/E23,1)) -> 1 | G23: 1004030461 | H23: 004/CPO/IKSJ-JKT/KP/VI/2026 | I23: 1001030461 | J23: Bontang | K23: EUP EDIBLE OIL BONTANG | L23: CIF | M23: CPO | N23: INTI KEBUN SEJAHTERA PT. | O23: CAA | P23: FS | Q23: SEA | R23: 2000 | S23: 2000 | T23: 46184 | U23: 46209 | V23: 46215
A24: PP-BONTAN-014 | B24: SINGLE | C24: 1 | D24: 1300 | E24: 3000 | F24: =MAX(1,CEILING(D24/E24,1)) -> 1 | G24: 1004031047 | H24: 004/CPO/THL-JKT/KP/VII/2026 | I24: 1001031047 | J24: Bontang | K24: EUP EDIBLE OIL BONTANG | L24: CIF | M24: CPO | N24: TRIDAYA HUTAN LESTARI PT. | O24: ATRIHULES | P24: FS | Q24: SEA | R24: 1300 | S24: 1300 | T24: 46210 | U24: 46218 | V24: 46220 | W24: PP-BONTAN-010
A25: PP-BONTAN-015 | B25: SINGLE | C25: 1 | D25: 250 | E25: 3000 | F25: =MAX(1,CEILING(D25/E25,1)) -> 1 | G25: 1004031223 | H25: 1172000000544 | I25: 1001031223 | J25: Bontang | K25: EUP EDIBLE OIL BONTANG | L25: FOB | M25: PK | N25: WAHANA KARYA SEJAHTERA MANDIRI PT. | O25: INTERCO | P25: MB | Q25: SEA | R25: 250 | S25: 250 | T25: 46218 | U25: 46218 | V25: 46225 | W25: PP-BONTAN-020
A26: PP-BONTAN-016 | B26: SINGLE | C26: 1 | D26: 1000 | E26: 3000 | F26: =MAX(1,CEILING(D26/E26,1)) -> 1 | G26: 1004031296 | H26: TBA | I26: 1001031296 | J26: Bontang | K26: EUP EDIBLE OIL BONTANG | L26: FOB | M26: CPO | N26: MAJU KALIMANTAN HADAPAN PT | O26: AMAKAHA | P26: LT | Q26: SEA | R26: 1000 | S26: 1000 | T26: 46220 | U26: 46220 | V26: 46233
A27: PP-BONTAN-017 | B27: SINGLE | C27: 1 | D27: 300 | E27: 3000 | F27: =MAX(1,CEILING(D27/E27,1)) -> 1 | G27: 1004031352 | H27: TBA | I27: 1001031352 | J27: Bontang | K27: EUP EDIBLE OIL BONTANG | L27: FOB | M27: CPO | N27: UNGGUL WIDYA TEKNOLOGI LESTARI PT. | O27: AUNWITELES | P27: LT | Q27: SEA | R27: 300 | S27: 300 | T27: 46224 | U27: 46226 | V27: 46228
A28: PP-BONTAN-018 | B28: SINGLE | C28: 1 | D28: 3000 | E28: 3000 | F28: =MAX(1,CEILING(D28/E28,1)) -> 1 | G28: 1004031065 | H28: 028/TLN-EUP/CIF-CPO/07/26 | I28: 1001031065 | J28: Bontang | K28: EUP EDIBLE OIL BONTANG | L28: CIF | M28: CPO | N28: TELEN PT. | O28: TELADAN_P | P28: FS | Q28: SEA | R28: 3000 | S28: 3000 | T28: 46210 | U28: 46228 | V28: 46233 | W28: PP-BONTAN-019
A29: PP-BONTAN-019 | B29: SINGLE | C29: 1 | D29: 3000 | E29: 3000 | F29: =MAX(1,CEILING(D29/E29,1)) -> 1 | G29: 1004031036 | H29: TBA | I29: 1001031036 | J29: Bontang | K29: EUP EDIBLE OIL BONTANG | L29: CIF | M29: CPO | N29: TELEN PRIMA SAWIT PT | O29: TELADAN_P | P29: FS | Q29: SEA | R29: 3000 | S29: 3000 | T29: 46210 | U29: 46228 | V29: 46233 | W29: PP-BONTAN-018
A30: PP-BONTAN-020 | B30: SINGLE | C30: 1 | D30: 250 | E30: 3000 | F30: =MAX(1,CEILING(D30/E30,1)) -> 1 | G30: 1004030888 | H30: 1172000000540 | I30: 1001030888 | J30: Bontang | K30: EUP EDIBLE OIL BONTANG | L30: FOB | M30: PK | N30: WAHANA KARYA SEJAHTERA MANDIRI PT. | O30: INTERCO | P30: MB | Q30: SEA | R30: 250 | S30: 250 | T30: 46203 | U30: 46228 | V30: 46235 | W30: PP-BONTAN-015
A31: PP-BONTAN-021 | B31: SINGLE | C31: 1 | D31: 1700 | E31: 3000 | F31: =MAX(1,CEILING(D31/E31,1)) -> 1 | G31: 1004031090 | H31: 007/TJIM-EUP/PK/VII/2026 | I31: 1001031090 | J31: Bontang | K31: EUP EDIBLE OIL BONTANG | L31: CIF | M31: PK | N31: TIMURJAYA INDOMAKMUR PT. | O31: ATIMURJAYA | P31: FS | Q31: SEA | R31: 1700 | S31: 1700 | T31: 46212 | U31: 46232 | V31: 46238
A32: PP-BONTAN-022 | B32: SINGLE | C32: 1 | D32: 3000 | E32: 3000 | F32: =MAX(1,CEILING(D32/E32,1)) -> 1 | G32: 1004031089 | H32: 009/TJIM-EUP/CPO/VII/2026 | I32: 1001031089 | J32: Bontang | K32: EUP EDIBLE OIL BONTANG | L32: CIF | M32: CPO | N32: TIMURJAYA INDOMAKMUR PT. | O32: ATIMURJAYA | P32: FS | Q32: SEA | R32: 3000 | S32: 3000 | T32: 46212 | U32: 46234 | V32: 46240 | W32: PP-BONTAN-028
A33: PP-BONTAN-023 | B33: SINGLE | C33: 1 | D33: 4000 | E33: 4000 | F33: =MAX(1,CEILING(D33/E33,1)) -> 1 | G33: 1004031325 | H33: TBA | I33: 1001031325 | J33: Bontang | K33: EUP EDIBLE OIL BONTANG | L33: CIF | M33: CPO | N33: REA KALTIM PLANTATIONS PT. | O33: REA | P33: LT | Q33: SEA | R33: 4000 | S33: 4000 | T33: 46223 | U33: 46234 | V33: 46235
A34: PP-BONTAN-024 | B34: SINGLE | C34: 1 | D34: 1400 | E34: 3000 | F34: =MAX(1,CEILING(D34/E34,1)) -> 1 | G34: 1004030943 | H34: 004/HIP/EUP-CРO/VII/2026 | I34: 1001030943 | J34: Bontang | K34: EUP EDIBLE OIL BONTANG | L34: CIF | M34: CPO | N34: HENRISON INTI PERSADA PT. | O34: CAPITOL | P34: FS | Q34: SEA | R34: 1400 | S34: 1400 | T34: 46205 | U34: 46235 | V34: 46239 | W34: PP-BONTAN-025
A35: PP-BONTAN-025 | B35: SINGLE | C35: 1 | D35: 1600 | E35: 3000 | F35: =MAX(1,CEILING(D35/E35,1)) -> 1 | G35: 1004030942 | H35: 007/MHS/EUP-CPO/VII/2026 | I35: 1001030942 | J35: Bontang | K35: EUP EDIBLE OIL BONTANG | L35: CIF | M35: CPO | N35: MEDCOPAPUA HIJAU SELARAS PT. | O35: CAPITOL | P35: FS | Q35: SEA | R35: 1600 | S35: 1600 | T35: 46205 | U35: 46235 | V35: 46239 | W35: PP-BONTAN-024
A36: PP-BONTAN-026 | B36: SINGLE | C36: 1 | D36: 1000 | E36: 3000 | F36: =MAX(1,CEILING(D36/E36,1)) -> 1 | G36: 1004031291 | H36: 1182000000368 | I36: 1001031291 | J36: Bontang | K36: EUP EDIBLE OIL BONTANG | L36: FOB | M36: WASTE OIL (POME) | N36: AGRIPRIMA CIPTA PERSADA PT. | O36: INTERCO | P36: MB | Q36: SEA | R36: 1000 | S36: 1000 | T36: 46220 | U36: 46235 | V36: 46242
A37: PP-BONTAN-027 | B37: SINGLE | C37: 1 | D37: 300 | E37: 3000 | F37: =MAX(1,CEILING(D37/E37,1)) -> 1 | G37: 1004031279 | H37: 1162000000408 | I37: 1001031279 | J37: Bontang | K37: EUP EDIBLE OIL BONTANG | L37: FOB | M37: CPO | N37: HARAPAN SAWIT SEJAHTERAH PT. | O37: INTERCO | P37: MB | Q37: SEA | R37: 300 | S37: 300 | T37: 46220 | U37: 46241 | V37: 46249 | W37: PP-BONTAN-031, PP-BONTAN-032, PP-BONTAN-033
A38: PP-BONTAN-028 | B38: SINGLE | C38: 1 | D38: 3500 | E38: 3500 | F38: =MAX(1,CEILING(D38/E38,1)) -> 1 | G38: 1004031355 | H38: TBA | I38: 1001031355 | J38: Bontang | K38: EUP EDIBLE OIL BONTANG | L38: CIF | M38: CPO | N38: TIMURJAYA INDOMAKMUR PT. | O38: ATIMURJAYA | P38: FS | Q38: SEA | R38: 3500 | S38: 3500 | T38: 46224 | U38: 46244 | V38: 46248 | W38: PP-BONTAN-022
A39: PP-BONTAN-029 | B39: SINGLE | C39: 1 | D39: 3000 | E39: 3000 | F39: =MAX(1,CEILING(D39/E39,1)) -> 1 | G39: 1004031327 | H39: TBA | I39: 1001031327 | J39: Bontang | K39: EUP EDIBLE OIL BONTANG | L39: CIF | M39: CPO | N39: TANJUNG BUYU PERKASA PLANTATION PT. | O39: TELADAN_P | P39: FS | Q39: SEA | R39: 3000 | S39: 3000 | T39: 46223 | U39: 46244 | V39: 46249
A40: PP-BONTAN-030 | B40: SINGLE | C40: 1 | D40: 2000 | E40: 3000 | F40: =MAX(1,CEILING(D40/E40,1)) -> 1 | G40: 1004031235 | H40: 1310002558 | I40: 1001031235 | J40: Bontang | K40: EUP EDIBLE OIL BONTANG | L40: FOB | M40: CPO | N40: DHARMA INTISAWIT NUGRAHA PT. | O40: DSN | P40: LT | Q40: SEA | R40: 2000 | S40: 2000 | T40: 46218 | U40: 46247 | V40: 46249
A41: PP-BONTAN-031 | B41: AUTO-GROUP | C41: 2 | D41: 750 | E41: 3000 | F41: =MAX(1,CEILING(D41/E41,1)) -> 1 | G41: 1004031132 | H41: 1192000000217 | I41: 1001031132 | J41: Bontang | K41: EUP EDIBLE OIL BONTANG | L41: FOB | M41: CPO | N41: AGRINUSA PERSADA MULIA PT. | O41: INTERCO | P41: MB | Q41: SEA | R41: 400 | S41: 400 | T41: 46213 | U41: 46249 | V41: 46264 | W41: PP-BONTAN-027, PP-BONTAN-032, PP-BONTAN-033
A42: PP-BONTAN-031 | B42: AUTO-GROUP | C42: 2 | D42: 750 | E42: 3000 | F42: =MAX(1,CEILING(D42/E42,1)) -> 1 | G42: 1004031288 | H42: 1192000000219 | I42: 1001031288 | J42: Bontang | K42: EUP EDIBLE OIL BONTANG | L42: FOB | M42: CPO | N42: AGRINUSA PERSADA MULIA PT. | O42: INTERCO | P42: MB | Q42: SEA | R42: 350 | S42: 350 | T42: 46220 | U42: 46249 | V42: 46264 | W42: PP-BONTAN-027, PP-BONTAN-032, PP-BONTAN-033
A43: PP-BONTAN-032 | B43: AUTO-GROUP | C43: 2 | D43: 1400 | E43: 3000 | F43: =MAX(1,CEILING(D43/E43,1)) -> 1 | G43: 1004031128 | H43: 1172000000543 | I43: 1001031128 | J43: Bontang | K43: EUP EDIBLE OIL BONTANG | L43: FOB | M43: CPO | N43: WAHANA KARYA SEJAHTERA MANDIRI PT. | O43: INTERCO | P43: MB | Q43: SEA | R43: 900 | S43: 900 | T43: 46213 | U43: 46249 | V43: 46259 | W43: PP-BONTAN-027, PP-BONTAN-031, PP-BONTAN-033
A44: PP-BONTAN-032 | B44: AUTO-GROUP | C44: 2 | D44: 1400 | E44: 3000 | F44: =MAX(1,CEILING(D44/E44,1)) -> 1 | G44: 1004031286 | H44: 1172000000546 | I44: 1001031286 | J44: Bontang | K44: EUP EDIBLE OIL BONTANG | L44: FOB | M44: CPO | N44: WAHANA KARYA SEJAHTERA MANDIRI PT. | O44: INTERCO | P44: MB | Q44: SEA | R44: 500 | S44: 500 | T44: 46220 | U44: 46249 | V44: 46259 | W44: PP-BONTAN-027, PP-BONTAN-031, PP-BONTAN-033
A45: PP-BONTAN-033 | B45: SINGLE | C45: 1 | D45: 1500 | E45: 3000 | F45: =MAX(1,CEILING(D45/E45,1)) -> 1 | G45: 1004031130 | H45: 1182000000366 | I45: 1001031130 | J45: Bontang | K45: EUP EDIBLE OIL BONTANG | L45: FOB | M45: CPO | N45: AGRIPRIMA CIPTA PERSADA PT. | O45: INTERCO | P45: MB | Q45: SEA | R45: 1500 | S45: 1500 | T45: 46213 | U45: 46249 | V45: 46264 | W45: PP-BONTAN-027, PP-BONTAN-031, PP-BONTAN-032
A46: PP-BONTAN-034 | B46: SINGLE | C46: 1 | D46: 1000 | E46: 3000 | F46: =MAX(1,CEILING(D46/E46,1)) -> 1 | G46: 1004030838 | H46: 1192000000215 | I46: 1001030838 | J46: Bontang | K46: EUP EDIBLE OIL BONTANG | L46: FOB | M46: CPO | N46: AGRINUSA PERSADA MULIA PT. | O46: INTERCO | P46: MB | Q46: SEA | R46: 1000 | S46: 1000 | T46: 46199 | U46: 46296 | V46: 46326 | W46: PP-BONTAN-035, PP-BONTAN-036, PP-BONTAN-037
A47: PP-BONTAN-035 | B47: SINGLE | C47: 1 | D47: 3000 | E47: 3000 | F47: =MAX(1,CEILING(D47/E47,1)) -> 1 | G47: 1004030835 | H47: 1182000000361 | I47: 1001030835 | J47: Bontang | K47: EUP EDIBLE OIL BONTANG | L47: FOB | M47: CPO | N47: AGRIPRIMA CIPTA PERSADA PT. | O47: INTERCO | P47: MB | Q47: SEA | R47: 3000 | S47: 3000 | T47: 46199 | U47: 46296 | V47: 46326 | W47: PP-BONTAN-034, PP-BONTAN-036, PP-BONTAN-037
A48: PP-BONTAN-036 | B48: SINGLE | C48: 1 | D48: 1000 | E48: 3000 | F48: =MAX(1,CEILING(D48/E48,1)) -> 1 | G48: 1004030839 | H48: 1192000000216 | I48: 1001030839 | J48: Bontang | K48: EUP EDIBLE OIL BONTANG | L48: FOB | M48: CPO | N48: AGRINUSA PERSADA MULIA PT. | O48: INTERCO | P48: MB | Q48: SEA | R48: 1000 | S48: 1000 | T48: 46199 | U48: 46327 | V48: 46356 | W48: PP-BONTAN-034, PP-BONTAN-035, PP-BONTAN-037
A49: PP-BONTAN-037 | B49: SINGLE | C49: 1 | D49: 3000 | E49: 3000 | F49: =MAX(1,CEILING(D49/E49,1)) -> 1 | G49: 1004030837 | H49: 1182000000362 | I49: 1001030837 | J49: Bontang | K49: EUP EDIBLE OIL BONTANG | L49: FOB | M49: CPO | N49: AGRIPRIMA CIPTA PERSADA PT. | O49: INTERCO | P49: MB | Q49: SEA | R49: 3000 | S49: 3000 | T49: 46199 | U49: 46327 | V49: 46356 | W49: PP-BONTAN-034, PP-BONTAN-035, PP-BONTAN-036
A50: PP-BULKIN-001 | B50: SINGLE | C50: 1 | D50: 2500 | E50: 3000 | F50: =MAX(1,CEILING(D50/E50,1)) -> 1 | G50: 1004031251 | H50: 1052000000492 | I50: 1001031251 | J50: Bulking Batam | K50: EUP EDIBLE OIL BATAM | L50: FOB | M50: CPO | N50: TH INDO PLANTATIONS PT. | O50: INTERCO | P50: MB | Q50: SEA | R50: 2500 | S50: 2500 | T50: 46220 | U50: 46221 | V50: 46229 | W50: PP-BULKIN-002
A51: PP-BULKIN-002 | B51: AUTO-GROUP | C51: 4 | D51: 1900 | E51: 3000 | F51: =MAX(1,CEILING(D51/E51,1)) -> 1 | G51: 1004031106 | H51: 1112000001070 | I51: 1001031106 | J51: Bulking Batam | K51: EUP EDIBLE OIL BATAM | L51: FOB | M51: CPO | N51: BERKAT SAWIT UTAMA PT. | O51: INTERCO | P51: MB | Q51: SEA | R51: 750 | S51: 750 | T51: 46213 | U51: 46223 | V51: 46228 | W51: PP-BULKIN-001
A52: PP-BULKIN-002 | B52: AUTO-GROUP | C52: 4 | D52: 1900 | E52: 3000 | F52: =MAX(1,CEILING(D52/E52,1)) -> 1 | G52: 1004031163 | H52: 1112000001071 | I52: 1001031163 | J52: Bulking Batam | K52: EUP EDIBLE OIL BATAM | L52: FOB | M52: CPO | N52: BERKAT SAWIT UTAMA PT. | O52: INTERCO | P52: MB | Q52: SEA | R52: 500 | S52: 500 | T52: 46213 | U52: 46223 | V52: 46228 | W52: PP-BULKIN-001
... A54: PP-BULKIN-002 | B54: AUTO-GROUP | C54: 4 | D54: 1900 | E54: 3000 | F54: =MAX(1,CEILING(D54/E54,1)) -> 1 | G54: 1004031257 | H54: 1112000001076 | I54: 1001031257 | J54: Bulking Batam | K54: EUP EDIBLE OIL BATAM | L54: FOB | M54: CPO | N54: BERKAT SAWIT UTAMA PT. | O54: INTERCO | P54: MB | Q54: SEA | R54: 250 | S54: 250 | T54: 46220 | U54: 46221 | V54: 46229 | W54: PP-BULKIN-001
A55: PP-BULKIN-003 | B55: SINGLE | C55: 1 | D55: 1000 | E55: 3000 | F55: =MAX(1,CEILING(D55/E55,1)) -> 1 | G55: 1004031069 | H55: TBA | I55: 1001031069 | J55: Bulking Batam | K55: EUP EDIBLE OIL BATAM | L55: FOB | M55: CPO | N55: FENYEN AGRO LESTARI PT. | O55: FAL | P55: FS | Q55: SEA | R55: 1000 | S55: 1000 | T55: 46211 | U55: 46223 | V55: 46228
A56: PP-BULKIN-004 | B56: SINGLE | C56: 1 | D56: 500 | E56: 3000 | F56: =MAX(1,CEILING(D56/E56,1)) -> 1 | G56: 1004031206 | H56: 0702/PALMCO/CPO-L/N-IV/VII/2026 | I56: 1001031206 | J56: Bulking Batam | K56: EUP EDIBLE OIL BATAM | L56: FOB | M56: CPO | N56: PERKEBUNAN NUSANTARA IV PT. | O56: PTPN | P56: TD | Q56: SEA | R56: 500 | S56: 500 | T56: 46217 | U56: 46232 | V56: 46247 | W56: PP-BULKIN-005
A57: PP-BULKIN-005 | B57: SINGLE | C57: 1 | D57: 500 | E57: 3000 | F57: =MAX(1,CEILING(D57/E57,1)) -> 1 | G57: 1004031332 | H57: TBA | I57: 1001031332 | J57: Bulking Batam | K57: EUP EDIBLE OIL BATAM | L57: FOB | M57: CPO | N57: PERKEBUNAN NUSANTARA IV PT. | O57: PTPN | P57: TD | Q57: SEA | R57: 500 | S57: 500 | T57: 46223 | U57: 46238 | V57: 46253 | W57: PP-BULKIN-004
A58: PP-BULKIN-006 | B58: AUTO-GROUP | C58: 2 | D58: 2500 | E58: 3000 | F58: =MAX(1,CEILING(D58/E58,1)) -> 1 | G58: 1644000239 | H58: 1052000000444 | I58: 1641000239 | J58: Bulking Lubuk Gaung | K58: SPC PALM & LAURIC LB.GAUNG | L58: FOB | M58: CPO | N58: TH INDO PLANTATIONS PT. | O58: INTERCO | P58: MB | Q58: SEA | R58: 1500 | S58: 1500 | T58: 46080 | U58: 46082 | V58: 46091
A59: PP-BULKIN-006 | B59: AUTO-GROUP | C59: 2 | D59: 2500 | E59: 3000 | F59: =MAX(1,CEILING(D59/E59,1)) -> 1 | G59: 1644000240 | H59: 1052000000445 | I59: 1641000240 | J59: Bulking Lubuk Gaung | K59: SPC PALM & LAURIC LB.GAUNG | L59: FOB | M59: CPO | N59: TH INDO PLANTATIONS PT. | O59: INTERCO | P59: MB | Q59: SEA | R59: 1000 | S59: 1000 | T59: 46080 | U59: 46082 | V59: 46091
A60: PP-BULKIN-007 | B60: SINGLE | C60: 1 | D60: 1 | E60: 3000 | F60: =MAX(1,CEILING(D60/E60,1)) -> 1 | G60: 1004029973 | H60: 1642000000004 | I60: 1001029973 | J60: Bulking Lubuk Gaung | K60: EUP EDIBLE OIL LUBUK GAUNG | L60: FRC | M60: WASTE OIL (POME) | N60: PRIMA MAKMUR CAKRAWALA PT. | O60: INTERCO | P60: TD | Q60: SEA | R60: 400 | S60: 0.62 | T60: 46162 | U60: 46164 | V60: 46174
A61: PP-BULKIN-008 | B61: SINGLE | C61: 1 | D61: 9 | E61: 3000 | F61: =MAX(1,CEILING(D61/E61,1)) -> 1 | G61: 1604000039 | H61: 1002000006374 | I61: 1601000039 | J61: Bulking Lubuk Gaung | K61: PMC BIOENERGY LB.GAUNG | L61: CIF | M61: WASTE OIL (POME) | N61: ENERGI UNGGUL PERSADA PT. | O61: INTERCO | P61: TD | Q61: SEA | R61: 3000 | S61: 8.85 | T61: 46171 | U61: 46173 | V61: 46193
A62: PP-BULKIN-009 | B62: SINGLE | C62: 1 | D62: 500 | E62: 3000 | F62: =MAX(1,CEILING(D62/E62,1)) -> 1 | G62: 1004031224 | H62: 1052000000491 | I62: 1001031224 | J62: Bulking Lubuk Gaung | K62: EUP BIOMASS LUBUK GAUNG | L62: FOB | M62: SHELL PALM | N62: TH INDO PLANTATIONS PT. | O62: INTERCO | P62: MB | Q62: SEA | R62: 500 | S62: 500 | T62: 46218 | U62: 46219 | V62: 46223
A63: PP-CISADA-001 | B63: AUTO-GROUP | C63: 2 | D63: 2000 | E63: 3000 | F63: =MAX(1,CEILING(D63/E63,1)) -> 1 | G63: 1584000937 | H63: SPSIM/CPO/2606/02 | I63: 1581000937 | J63: Cisadane | K63: CRC REFINERY TANGERANG | L63: FOB | M63: CPO | N63: SEPANJANG INTISURYA MULIA PT. | O63: ASEINTILIA | P63: LT | Q63: MIX | R63: 1000 | S63: 1000 | T63: 46188 | U63: 46193 | V63: 46223 | W63: PP-CISADA-004
A64: PP-CISADA-001 | B64: AUTO-GROUP | C64: 2 | D64: 2000 | E64: 3000 | F64: =MAX(1,CEILING(D64/E64,1)) -> 1 | G64: 1584000938 | H64: SPSIM/CPO/2606/03 | I64: 1581000938 | J64: Cisadane | K64: CRC REFINERY TANGERANG | L64: FOB | M64: CPO | N64: SEPANJANG INTISURYA MULIA PT. | O64: ASEINTILIA | P64: LT | Q64: MIX | R64: 1000 | S64: 1000 | T64: 46188 | U64: 46193 | V64: 46223 | W64: PP-CISADA-004
A65: PP-CISADA-002 | B65: SINGLE | C65: 1 | D65: 3000 | E65: 3000 | F65: =MAX(1,CEILING(D65/E65,1)) -> 1 | G65: 1584000942 | H65: 007/RBDPKO/KTN-CRC/VI/26 | I65: 1581000942 | J65: Cisadane | K65: CRC REFINERY TANGERANG | L65: CIF | M65: RPKO | N65: KURNIA TUNGGAL NUGRAHA PT. | O65: AKUTUNU | P65: FS | Q65: SEA | R65: 3000 | S65: 3000 | T65: 46182 | U65: 46204 | V65: 46234
A66: PP-CISADA-003 | B66: SINGLE | C66: 1 | D66: 5000 | E66: 5000 | F66: =MAX(1,CEILING(D66/E66,1)) -> 1 | G66: 1584000933 | H66: AGM/VI/SSO26000360 | I66: 1581000933 | J66: Cisadane | K66: CRC REFINERY TANGERANG | L66: CFR | M66: RBDPS | N66: AGRO MURNI PT. | O66: AAGMURNI | P66: FS | Q66: SEA | R66: 5000 | S66: 5000 | T66: 46181 | U66: 46204 | V66: 46218 | W66: PP-CISADA-005
A67: PP-CISADA-004 | B67: SINGLE | C67: 1 | D67: 400 | E67: 3000 | F67: =MAX(1,CEILING(D67/E67,1)) -> 1 | G67: 1584000960 | H67: SPSIM/CPO/2607/02 | I67: 1581000960 | J67: Cisadane | K67: CRC REFINERY TANGERANG | L67: FOB | M67: CPO | N67: SEPANJANG INTISURYA MULIA PT. | O67: ASEINTILIA | P67: FS | Q67: MIX | R67: 400 | S67: 400 | T67: 46210 | U67: 46212 | V67: 46213 | W67: PP-CISADA-001
A68: PP-CISADA-005 | B68: SINGLE | C68: 1 | D68: 5000 | E68: 5000 | F68: =MAX(1,CEILING(D68/E68,1)) -> 1 | G68: 1584000934 | H68: AGM/VI/SSO26000364 | I68: 1581000934 | J68: Cisadane | K68: CRC REFINERY TANGERANG | L68: CFR | M68: RBDPS | N68: AGRO MURNI PT. | O68: AAGMURNI | P68: FS | Q68: SEA | R68: 5000 | S68: 5000 | T68: 46184 | U68: 46218 | V68: 46234 | W68: PP-CISADA-003
A69: PP-CISADA-006 | B69: SINGLE | C69: 1 | D69: 4 | E69: 3000 | F69: =MAX(1,CEILING(D69/E69,1)) -> 1 | G69: 1584000944 | H69: 1002000006519 | I69: 1581000944 | J69: Cisadane | K69: CRC REFINERY TANGERANG | L69: CIF | M69: RPKO | N69: ENERGI UNGGUL PERSADA PT. | O69: INTERCO | P69: MB | Q69: SEA | R69: 4 | S69: 4 | T69: 46191 | U69: 46219 | V69: 46250
A70: PP-CISADA-007 | B70: SINGLE | C70: 1 | D70: 3200 | E70: 3200 | F70: =MAX(1,CEILING(D70/E70,1)) -> 1 | G70: 1584000958 | H70: 010/STR/KTN-CRC/VII/26 | I70: 1581000958 | J70: Cisadane | K70: CRC REFINERY TANGERANG | L70: CIF | M70: RBDPS | N70: KURNIA TUNGGAL NUGRAHA PT. | O70: AKUTUNU | P70: FS | Q70: SEA | R70: 3200 | S70: 3200 | T70: 46205 | U70: 46235 | V70: 46264 | W70: PP-CISADA-008
A71: PP-CISADA-008 | B71: SINGLE | C71: 1 | D71: 2800 | E71: 3200 | F71: =MAX(1,CEILING(D71/E71,1)) -> 1 | G71: 1584000969 | H71: TBA | I71: 1581000969 | J71: Cisadane | K71: CRC REFINERY TANGERANG | L71: CIF | M71: RBDPS | N71: KURNIA TUNGGAL NUGRAHA PT. | O71: AKUTUNU | P71: FS | Q71: SEA | R71: 2800 | S71: 2800 | T71: 46220 | U71: 46235 | V71: 46264 | W71: PP-CISADA-007
A72: PP-CISADA-009 | B72: SINGLE | C72: 1 | D72: 8000 | E72: 8000 | F72: =MAX(1,CEILING(D72/E72,1)) -> 1 | G72: 1584000959 | H72: 1108260008 | I72: 1581000959 | J72: Cisadane | K72: CRC REFINERY TANGERANG | L72: CIF | M72: RBDPS | N72: INCASI RAYA PT | O72: AINCARAYA | P72: FS | Q72: SEA | R72: 8000 | S72: 8000 | T72: 46209 | U72: 46235 | V72: 46265
A73: PP-CISADA-010 | B73: SINGLE | C73: 1 | D73: 3000 | E73: 3000 | F73: =MAX(1,CEILING(D73/E73,1)) -> 1 | G73: 1584000951 | H73: TBA | I73: 1581000951 | J73: Cisadane | K73: CRC REFINERY TANGERANG | L73: CIF | M73: RPKO | N73: KURNIA TUNGGAL NUGRAHA PT. | O73: AKUTUNU | P73: FS | Q73: SEA | R73: 3000 | S73: 3000 | T73: 46203 | U73: 46244 | V73: 46259
A74: PP-EOPTJM-001 | B74: SINGLE | C74: 1 | D74: 60 | E74: 3000 | F74: =MAX(1,CEILING(D74/E74,1)) -> 1 | G74: 1384002377 | H74: 2052000000003 | I74: 1381002377 | J74: EOP Tj Morawa | K74: EOP GENERAL BELAWAN | L74: CIF | M74: RBDPS | N74: SUMBER PANGAN CEMERLANG PT. | O74: ASUPACE | P74: TD | Q74: SEA | R74: 3500 | S74: 59.88 | T74: 46028 | U74: 46029 | V74: 46043
A75: PP-EOPTJM-002 | B75: SINGLE | C75: 1 | D75: 1 | E75: 3000 | F75: =MAX(1,CEILING(D75/E75,1)) -> 1 | G75: 1384002463 | H75: 2052000000007 | I75: 1381002463 | J75: EOP Tj Morawa | K75: EOP GENERAL BELAWAN | L75: CIF | M75: PFAD | N75: SUMBER PANGAN CEMERLANG PT. | O75: ASUPACE | P75: TD | Q75: SEA | R75: 1000 | S75: 1.36 | T75: 46048 | U75: 46050 | V75: 46064
A76: PP-EOPTJM-003 | B76: SINGLE | C76: 1 | D76: 3200 | E76: 3200 | F76: =MAX(1,CEILING(D76/E76,1)) -> 1 | G76: 1384002764 | H76: 002/PFAD/KTN-EOP/VI/26 | I76: 1381002764 | J76: EOP Tj Morawa | K76: EOP REFINERY TJ.MORAWA | L76: CIF | M76: PFAD | N76: KURNIA TUNGGAL NUGRAHA PT. | O76: AKUTUNU | P76: FS | Q76: SEA | R76: 3200 | S76: 3200 | T76: 46182 | U76: 46204 | V76: 46234
A77: PP-KARAWA-001 | B77: SINGLE | C77: 1 | D77: 750 | E77: 3000 | F77: =MAX(1,CEILING(D77/E77,1)) -> 1 | G77: 1014003129 | H77: 1112000001058 | I77: 1011003129 | J77: Karawang | K77: PRC PALM & LAURIC KARAWANG | L77: FOB | M77: CPO | N77: BERKAT SAWIT UTAMA PT. | O77: INTERCO | P77: MB | Q77: SEA | R77: 750 | S77: 750 | T77: 46199 | U77: 46199 | V77: 46208
A78: PP-KARAWA-002 | B78: SINGLE | C78: 1 | D78: 1000 | E78: 3000 | F78: =MAX(1,CEILING(D78/E78,1)) -> 1 | G78: 1014003142 | H78: 053/TBJ-PRC/VII/2026 | I78: 1011003142 | J78: Karawang | K78: PRC PALM & LAURIC KARAWANG | L78: FOB | M78: CPO | N78: TAMA BUANA JAYA PT. | O78: FAL | P78: FS | Q78: MIX | R78: 1000 | S78: 1000 | T78: 46206 | U78: 46209 | V78: 46211
A79: PP-KARAWA-003 | B79: SINGLE | C79: 1 | D79: 500 | E79: 3000 | F79: =MAX(1,CEILING(D79/E79,1)) -> 1 | G79: 1014003149 | H79: 1112000001069 | I79: 1011003149 | J79: Karawang | K79: PRC PALM & LAURIC KARAWANG | L79: FOB | M79: CPO | N79: BERKAT SAWIT UTAMA PT. | O79: INTERCO | P79: MB | Q79: SEA | R79: 500 | S79: 500 | T79: 46213 | U79: 46223 | V79: 46228 | W79: PP-KARAWA-005
A80: PP-KARAWA-004 | B80: SINGLE | C80: 1 | D80: 1000 | E80: 3000 | F80: =MAX(1,CEILING(D80/E80,1)) -> 1 | G80: 1014003167 | H80: TBA | I80: 1011003167 | J80: Karawang | K80: PRC PALM & LAURIC KARAWANG | L80: FOB | M80: CPO | N80: FENYEN AGRO LESTARI PT. | O80: FAL | P80: FS | Q80: SEA | R80: 1000 | S80: 1000 | T80: 46211 | U80: 46223 | V80: 46228
A81: PP-KARAWA-005 | B81: SINGLE | C81: 1 | D81: 150 | E81: 3000 | F81: =MAX(1,CEILING(D81/E81,1)) -> 1 | G81: 1014003166 | H81: 1002000006721 | I81: 1011003166 | J81: Karawang | K81: PRC PALM & LAURIC KARAWANG | L81: FOB | M81: CPO | N81: ENERGI UNGGUL PERSADA PT. | O81: INTERCO | P81: FS | Q81: MIX | R81: 150 | S81: 150 | T81: 46217 | U81: 46234 | V81: 46245 | W81: PP-KARAWA-003
A82: PP-KARAWA-006 | B82: SINGLE | C82: 1 | D82: 1000 | E82: 3000 | F82: =MAX(1,CEILING(D82/E82,1)) -> 1 | G82: 1014003168 | H82: TBA | I82: 1011003168 | J82: Karawang | K82: PRC PALM & LAURIC KARAWANG | L82: FOB | M82: CPO | N82: KARYA BAKTI AGRO SEJAHTERA PT. | O82: BGA | P82: LT | Q82: MIX | R82: 1000 | S82: 1000 | T82: 46224 | U82: 46248 | V82: 46250
A83: PP-TANJUN-001 | B83: SINGLE | C83: 1 | D83: 1500 | E83: 3000 | F83: =MAX(1,CEILING(D83/E83,1)) -> 1 | G83: 1004028797 | H83: 1052000000454 | I83: 1001028797 | J83: Tanjung Pura | K83: EUP EDIBLE OIL TJ.PURA | L83: FOB | M83: CPO | N83: TH INDO PLANTATIONS PT. | O83: INTERCO | P83: MB | Q83: SEA | R83: 1500 | S83: 1500 | T83: 46108 | U83: 46108 | V83: 46116
A84: PP-TANJUN-002 | B84: SINGLE | C84: 1 | D84: 1000 | E84: 3000 | F84: =MAX(1,CEILING(D84/E84,1)) -> 1 | G84: 1004030570 | H84: 1052000000481 | I84: 1001030570 | J84: Tanjung Pura | K84: EUP EDIBLE OIL TJ.PURA | L84: FOB | M84: PK | N84: TH INDO PLANTATIONS PT. | O84: INTERCO | P84: MB | Q84: SEA | R84: 1000 | S84: 1000 | T84: 46190 | U84: 46204 | V84: 46218 | W84: PP-TANJUN-003
A85: PP-TANJUN-003 | B85: AUTO-GROUP | C85: 2 | D85: 2000 | E85: 3000 | F85: =MAX(1,CEILING(D85/E85,1)) -> 1 | G85: 1004030896 | H85: 1052000000487 | I85: 1001030896 | J85: Tanjung Pura | K85: EUP EDIBLE OIL TJ.PURA | L85: FOB | M85: PK | N85: TH INDO PLANTATIONS PT. | O85: INTERCO | P85: MB | Q85: SEA | R85: 1000 | S85: 1000 | T85: 46203 | U85: 46218 | V85: 46228 | W85: PP-TANJUN-002
A86: PP-TANJUN-003 | B86: AUTO-GROUP | C86: 2 | D86: 2000 | E86: 3000 | F86: =MAX(1,CEILING(D86/E86,1)) -> 1 | G86: 1004031215 | H86: 1052000000490 | I86: 1001031215 | J86: Tanjung Pura | K86: EUP EDIBLE OIL TJ.PURA | L86: FOB | M86: PK | N86: TH INDO PLANTATIONS PT. | O86: INTERCO | P86: MB | Q86: SEA | R86: 1000 | S86: 1000 | T86: 46218 | U86: 46218 | V86: 46225 | W86: PP-TANJUN-002
A87: PP-TANJUN-004 | B87: SINGLE | C87: 1 | D87: 1800 | E87: 3000 | F87: =MAX(1,CEILING(D87/E87,1)) -> 1 | G87: 1004031197 | H87: 061/BENUSA-EUP/POME-INS/VII/2026 | I87: 1001031197 | J87: Tanjung Pura | K87: EUP EDIBLE OIL TJ.PURA | L87: CIF | M87: WASTE OIL (POME) | N87: BERLIAN NUSANTARA PERKASA PT. | O87: BNP | P87: FS | Q87: SEA | R87: 1800 | S87: 1800 | T87: 46217 | U87: 46228 | V87: 46233
A88: PP-TANJUN-005 | B88: SINGLE | C88: 1 | D88: 3000 | E88: 3000 | F88: =MAX(1,CEILING(D88/E88,1)) -> 1 | G88: 1004031313 | H88: 0728/PALMCO/CPO-L/N-IV/VII/2026 | I88: 1001031313 | J88: Tanjung Pura | K88: EUP EDIBLE OIL TJ.PURA | L88: FOB | M88: CPO | N88: PERKEBUNAN NUSANTARA IV PT. | O88: PTPN | P88: TD | Q88: SEA | R88: 3000 | S88: 3000 | T88: 46223 | U88: 46238 | V88: 46253
A89: PP-TANJUN-006 | B89: SINGLE | C89: 1 | D89: 1000 | E89: 3000 | F89: =MAX(1,CEILING(D89/E89,1)) -> 1 | G89: 1004031226 | H89: 1710000540 | I89: 1001031226 | J89: Tanjung Pura | K89: EUP EDIBLE OIL TJ.PURA | L89: FOB | M89: CPO | N89: AGRO ANDALAN PT. | O89: DSN | P89: LT | Q89: SEA | R89: 1000 | S89: 1000 | T89: 46218 | U89: 46247 | V89: 46249
A90: PP-TRADIN-001 | B90: EXCLUDED (Blank/Trading plant) | C90: 1 | D90: 500 | E90: 3000 | F90: =MAX(1,CEILING(D90/E90,1)) -> 1 | G90: 1004029940 | H90: 122/KPBN/TRD/CPO-L/EUP/V/2026 | I90: 1001029940 | J90: Trading | K90: EUP TRADING PLANT | L90: FOB | M90: CPO | N90: KHARISMA PEMASARAN BERSAMA NUSANTAR | O90: AKPBN | P90: FS | Q90: SEA | R90: 500 | S90: 500 | T90: 46160 | U90: 46175 | V90: 46190
A91: PP-TRADIN-002 | B91: EXCLUDED (Blank/Trading plant) | C91: 1 | D91: 500 | E91: 3000 | F91: =MAX(1,CEILING(D91/E91,1)) -> 1 | G91: 1004029937 | H91: 0474/PALMCO/CPO-L/N-IV/V/2026 | I91: 1001029937 | J91: Trading | K91: EUP TRADING PLANT | L91: FOB | M91: CPO | N91: PERKEBUNAN NUSANTARA IV PT. | O91: PTPN | P91: TD | Q91: SEA | R91: 500 | S91: 500 | T91: 46160 | U91: 46175 | V91: 46190
A92: PP-TRADIN-003 | B92: EXCLUDED (Blank/Trading plant) | C92: 1 | D92: 500 | E92: 3000 | F92: =MAX(1,CEILING(D92/E92,1)) -> 1 | G92: 1004029936 | H92: 0473/PALMCO/CPO-L/N-IV/V/2026 | I92: 1001029936 | J92: Trading | K92: EUP TRADING PLANT | L92: FRC | M92: CPO | N92: PERKEBUNAN NUSANTARA IV PT. | O92: PTPN | P92: TD | Q92: SEA | R92: 500 | S92: 500 | T92: 46160 | U92: 46175 | V92: 46190
A93: PP-TRADIN-004 | B93: EXCLUDED (Blank/Trading plant) | C93: 1 | D93: 1000 | E93: 3000 | F93: =MAX(1,CEILING(D93/E93,1)) -> 1 | G93: 1014003103 | H93: 1132000000551 | I93: 1011003103 | J93: Trading | K93: PRISCOLIN TRADING PLANT | L93: FOB | M93: CPO | N93: SWADAYA INDOPALMA PT. | O93: INTERCO | P93: MB | Q93: SEA | R93: 1000 | S93: 1000 | T93: 46185 | U93: 46185 | V93: 46193
